{
  "TextureModID": "xedos.psyblade",
  "ItemDefName": "MeleeWeapon_PsySwordBladelink",
  "ItemType": "ThingDef",
  "ItemTypeNamespace": "Verse",
  "OffX": 0.465116262,
  "OffY": -0.0232558157,
  "Rotation": 43.79878,
  "ScaleX": 1.1,
  "ScaleY": 1.1,
  "BladeStart": 0.392441869,
  "BladeEnd": 1.12887645,
  "MeleeWeaponType": 22,
  "TrailTint": {
    "r": 0.549340665,
    "g": 0.748888731,
    "b": 0.09818744,
    "a": 0.971111059
  }
}