{
  "TextureModID": "vali.caes",
  "ItemDefName": "V_AnimaDagger",
  "ItemType": "ThingDef",
  "ItemTypeNamespace": "Verse",
  "OffX": 0.2124824,
  "OffY": 0.00326905586,
  "Rotation": 41.59348,
  "HandsMode": 1,
  "BladeStart": 0.08907947,
  "BladeEnd": 0.6023055,
  "MeleeWeaponType": 48,
  "TrailTint": {
    "r": 0.0719999745,
    "g": 0.978,
    "b": 0.531039536,
    "a": 0.99333334
  }
}