{
  "TextureModID": "vali.caes",
  "ItemDefName": "V_AnimaKatana",
  "ItemType": "ThingDef",
  "ItemTypeNamespace": "Verse",
  "OffX": 0.405351043,
  "OffY": 0.00326905772,
  "Rotation": 47.14166,
  "ScaleX": 1.2,
  "ScaleY": 1.2,
  "BladeStart": 0.118500084,
  "BladeEnd": 1.00438714,
  "MeleeWeaponType": 6,
  "TrailTint": {
    "r": 0.0719999745,
    "g": 0.978,
    "b": 0.531039536,
    "a": 0.99333334
  }
}