{
  "TextureModID": "vali.ca",
  "ItemDefName": "V_ChargeKatana",
  "ItemType": "ThingDef",
  "ItemTypeNamespace": "Verse",
  "OffX": 0.307282329,
  "OffY": 0.04903404,
  "Rotation": 42.96741,
  "ScaleX": 1.2,
  "ScaleY": 1.2,
  "BladeStart": 0.128306955,
  "BladeEnd": 0.955352843,
  "MeleeWeaponType": 6,
  "TrailTint": {
    "r": 0.0243355185,
    "g": 0.555269957,
    "b": 0.9955554,
    "a": 1.0
  }
}