{
  "TextureModID": "yokaimura.1.32",
  "ItemDefName": "Yokai_K_TukiNoKatana",
  "ItemType": "ThingDef",
  "ItemTypeNamespace": "Verse",
  "OffX": 0.279582083,
  "OffY": -0.0182338022,
  "Rotation": 63.62077,
  "BladeStart": 0.104843207,
  "BladeEnd": 0.7977208,
  "MeleeWeaponType": 6,
  "TrailTint": {
    "r": 0.3749333,
    "g": 0.937333345,
    "b": 0.712373257,
    "a": 1.0
  }
}